{
    "epoch": 5.0,
    "eval_accuracy": 0.6697183098591549,
    "eval_f1": 0.6673187882952882,
    "eval_loss": 0.8052051663398743,
    "eval_precision": 0.6807297762196531,
    "eval_recall": 0.669718309859155,
    "eval_runtime": 10.4598,
    "eval_samples_per_second": 135.758,
    "eval_steps_per_second": 2.199,
    "test_accuracy": 0.6485074626865671,
    "test_f1": 0.647969348939669,
    "test_loss": 0.8346856236457825,
    "test_precision": 0.6632769217907553,
    "test_recall": 0.6485074626865671,
    "test_runtime": 9.8468,
    "test_samples_per_second": 136.085,
    "test_steps_per_second": 2.133,
    "total_flos": 4686791912640000.0,
    "train_loss": 0.5931821486779622,
    "train_runtime": 1506.782,
    "train_samples_per_second": 23.643,
    "train_steps_per_second": 0.372
}