{
    "epoch": 10.0,
    "eval_accuracy": 0.6311557788944724,
    "eval_f1": 0.6338298162820295,
    "eval_loss": 0.9607377648353577,
    "eval_precision": 0.6397470110870654,
    "eval_recall": 0.6311557788944724,
    "eval_runtime": 7.4508,
    "eval_samples_per_second": 133.543,
    "eval_steps_per_second": 2.147,
    "test_accuracy": 0.608955223880597,
    "test_f1": 0.6167837268483713,
    "test_loss": 0.9718427062034607,
    "test_precision": 0.6436005021302171,
    "test_recall": 0.608955223880597,
    "test_runtime": 7.5653,
    "test_samples_per_second": 132.844,
    "test_steps_per_second": 2.115,
    "total_flos": 7163391428582400.0,
    "train_loss": 0.4114042341882406,
    "train_runtime": 2063.3635,
    "train_samples_per_second": 26.389,
    "train_steps_per_second": 0.417
}