{
    "epoch": 10.0,
    "eval_accuracy": 0.6311557788944724,
    "eval_f1": 0.6338298162820295,
    "eval_loss": 0.9607377648353577,
    "eval_precision": 0.6397470110870654,
    "eval_recall": 0.6311557788944724,
    "eval_runtime": 7.4508,
    "eval_samples_per_second": 133.543,
    "eval_steps_per_second": 2.147
}