{
    "epoch": 5.0,
    "eval_accuracy": 0.5587939698492462,
    "eval_f1": 0.542515690187374,
    "eval_loss": 1.1113487482070923,
    "eval_precision": 0.5567756641071248,
    "eval_recall": 0.5587939698492462,
    "eval_runtime": 3.9817,
    "eval_samples_per_second": 249.891,
    "eval_steps_per_second": 4.018,
    "test_accuracy": 0.5194029850746269,
    "test_f1": 0.5047324505203706,
    "test_loss": 1.1590657234191895,
    "test_precision": 0.5180920592850169,
    "test_recall": 0.5194029850746269,
    "test_runtime": 3.9465,
    "test_samples_per_second": 254.656,
    "test_steps_per_second": 4.054,
    "total_flos": 1790847857145600.0,
    "train_loss": 0.7847719347754191,
    "train_runtime": 548.0672,
    "train_samples_per_second": 49.675,
    "train_steps_per_second": 0.785
}