{
    "epoch": 5.0,
    "eval_accuracy": 0.5587939698492462,
    "eval_f1": 0.542515690187374,
    "eval_loss": 1.1113487482070923,
    "eval_precision": 0.5567756641071248,
    "eval_recall": 0.5587939698492462,
    "eval_runtime": 3.9817,
    "eval_samples_per_second": 249.891,
    "eval_steps_per_second": 4.018
}